Application #,Organization,Total Final Award
FY11-AN-005416,"3 Graces Theater Co., Inc.",$4920.00
FY11-MY-005357,3 Legged Dog,$13985.00
FY11-AN-005112,"42nd Street Workshop, Inc.",$4920.00
FY11-RN-006138,"52nd Street Project, Inc.",$53740.00
FY11-RN-005943,"7 Loaves, Inc.",$14040.00
FY11-AN-005505,A Gathering of the Tribes,$7510.00
FY11-RN-006204,"Aaron Davis Hall, Inc.",$127005.00
FY11-AN-005734,ABC No Rio,$4920.00
FY11-RN-006032,Abingdon Theatre Company,$18730.00
FY11-RN-006264,Academy of American Poets,$13990.00
FY11-AN-005687,"Action Arts League, Inc.",$4920.00
FY11-RN-006252,Actors' Fund of America,$13990.00
FY11-AN-005774,African Diaspora Film Festival,$11660.00
FY11-AN-005858,"African Film Festival, Inc.",$6995.00
FY11-AN-005374,"African Voices Communications, Inc.",$10790.00
FY11-MY-005381,"Afrikan Poetry Theatre, Inc.",$53040.00
FY11-AN-005714,Afro Brazil Arts,$4920.00
FY11-AN-005256,"AHL Foundation, Inc.",$4920.00
FY11-AN-005669,"All Out Arts, Inc.",$7510.00
FY11-RN-006047,"Alley Pond Environmental Center, Inc.",$98305.00
FY11-RN-006153,"Alliance for Downtown New York, Inc",$93265.00
FY11-MY-005611,"Alliance for the Arts, Inc.",$176385.00
FY11-MY-005319,"Alliance for Young Artists and Writers, Inc.",$13990.00
FY11-RN-006063,"Alliance of Resident Theatres / New York, Inc.",$175535.00
FY11-AN-005593,"Alpha Omega 1-7 Theatrical Dance Company, Inc.",$9330.00
FY11-RN-005958,"Alpha Workshops, Inc.",$26635.00
FY11-MY-005078,"Alvin Ailey Dance Foundation, Inc.",$122740.00
FY11-RN-006247,"Amas Musical Theatre, Inc.",$32645.00
FY11-RN-006212,American Composers Orchestra,$46635.00
FY11-RN-006189,American Documentary,$23320.00
FY11-RN-006136,American Folk Art Museum,$192215.00
FY11-AN-005452,American Friends of the Ludwig Foundation of Cuba,$4920.00
FY11-AN-005164,"American Globe Theatre, Ltd.",$9330.00
FY11-AN-005156,"American Indian Artists, Inc.",$11660.00
FY11-AN-005401,"American Lyric Theater Center, Inc.",$11660.00
FY11-AN-005494,American Modern Ensemble Inc.,$4920.00
FY11-RN-005993,"American Music Center, Inc.",$74610.00
FY11-RN-006121,"American Opera Projects, Inc.",$13990.00
FY11-RN-006134,"American Place Theatre, Inc.",$16835.00
FY11-RN-005968,"American Symphony Orchestra, Inc.",$32645.00
FY11-RN-006073,"American Tap Dance Foundation, Inc.",$23320.00
FY11-MY-005760,"American Turkish Society, Inc.",$4920.00
FY11-RN-006265,"Americas Society, Inc.",$23320.00
FY11-RN-006036,"An Claidheamh Soluis, Inc.",$32795.00
FY11-AN-005477,"Annabella Gonzalez Dance Theater, Inc.",$4920.00
FY11-RN-006194,"Anne Frank Center USA, Inc.",$13990.00
FY11-AN-005489,"Ansonia Music Outreach Organization, Inc.",$4920.00
FY11-RN-006173,"Anthology Film Archives, Inc.",$23320.00
FY11-AN-005864,"Anti-Social Music, Inc.",$4920.00
FY11-RN-005969,"Aperture Foundation, Inc.",$13990.00
FY11-RN-006079,ApexArt Curatorial Program,$13990.00
FY11-MY-005719,"Apollo Theater Foundation, Inc.",$27025.00
FY11-MY-005224,"Aquila Theatre Company, Inc.",$7110.00
FY11-RN-006200,Architectural League of New York,$23320.00
FY11-AN-005791,Argento New Music Project,$4920.00
FY11-MY-005521,Armitage Foundation Ltd.,$13990.00
FY11-MY-005185,"Ars Nova Theater I, Inc",$23320.00
FY11-MY-005294,Art Education for the Blind,$13990.00
FY11-RN-005978,"Art in General, Inc.",$13990.00
FY11-RN-005960,"Art Lab, Inc.",$23320.00
FY11-AN-005859,Art Loisaida Foundation,$3500.00
FY11-AN-005813,"Art of the Early Keyboard, Inc.",$4920.00
FY11-AN-005757,"Art Radio International, Inc.",$9330.00
FY11-MY-005520,Art Students League of New York,$13990.00
FY11-AN-005248,"Art's House Schools, Inc.",$5000.00
FY11-MY-005048,"Art21, Inc.",$46635.00
FY11-RN-006042,"ArteEast, Inc.",$13990.00
FY11-MY-005874,"Arthur Aviles Typical Theatre, Inc.",$42120.00
FY11-AN-005300,Artichoke Dance Company,$4920.00
FY11-AN-005709,"Artists Alliance, Inc.",$16325.00
FY11-AN-005379,"Artists in Residence, Inc.",$6995.00
FY11-RN-006180,Artists Space,$13990.00
FY11-RN-006025,"Arts & Business Council, Inc.",$26635.00
FY11-MY-005199,"Arts Connection, Inc.",$233160.00
FY11-RN-006170,"Arts for Art, Inc.",$13990.00
FY11-RN-005959,"Ascension Music Chorus and Orchestra, Inc.",$13990.00
FY11-AN-005771,"ASDT, Inc. - The American Spanish Dance Theatre",$9330.00
FY11-MY-005107,Asia Society,$23320.00
FY11-RN-006182,Asian American Arts Alliance,$32645.00
FY11-AN-005773,"Asian American Arts Centre, Inc.",$4920.00
FY11-MY-005728,"Asian CineVision, Inc.",$6995.00
FY11-AN-005738,"Astoria Music Society, Inc.",$19640.00
FY11-AN-005576,Astoria Performing Arts Center,$51525.00
FY11-RN-006101,Atlantic Avenue Local Development Corporation,$9330.00
FY11-MY-005175,Atlantic Theater Company,$46635.00
FY11-AN-005440,"Avant Media Performance, Inc.",$4920.00
FY11-AN-005410,Azure Ensemble,$4920.00
FY11-AN-005378,"Ballet Ambassadors, Inc.",$9330.00
FY11-MY-005660,"Ballet Hispanico of New York, Inc.",$60625.00
FY11-MY-005636,"Ballet Tech Foundation, Inc.",$60625.00
FY11-RN-006192,"Ballet Theatre Foundation, Inc.",$127385.00
FY11-RN-006163,"Bang on a Can, Inc.",$32645.00
FY11-RN-006243,"Bargemusic, Ltd.",$60625.00
FY11-MY-005290,Bartow-Pell Landmark Fund,$23320.00
FY11-RN-006131,"Baryshnikov Dance Foundation, Inc.",$32645.00
FY11-AN-005589,"Batoto Yetu, Inc.",$13990.00
FY11-MY-005316,Battery Dance Corporation,$13990.00
FY11-RN-006236,Bayside Historical Society,$23470.00
FY11-RN-006118,Bedford Stuyvesant Restoration Corporation,$60625.00
FY11-AN-005627,"Behind the Book, Inc.",$9330.00
FY11-AN-005790,Best of Brooklyn,$6995.00
FY11-AN-005250,Beth Morrison Projects,$6995.00
FY11-RN-006226,"Big Apple Circus, Ltd.",$203585.00
FY11-MY-005281,"Big Apple Performing Arts, Inc.",$13990.00
FY11-AN-005376,Big Dance Theater Inc,$4920.00
FY11-RN-006233,"Billie Holiday Theatre, Inc.",$112645.00
FY11-AN-005232,"Bindlestiff Family Variety Arts, Inc.",$6995.00
FY11-RN-006014,"Black Spectrum Theatre Company, Inc.",$164300.00
FY11-RN-006241,"Bloomingdale School of Music, Inc.",$23320.00
FY11-AN-005803,"Bond Street Theatre Coalition, Ltd.",$4920.00
FY11-RN-006108,"Borough of Manhattan Community College Performing Arts Center, Inc.",$60625.00
FY11-MY-005390,Bowery Arts and Science,$23320.00
FY11-RN-006023,"Boys & Girls Harbor, Inc.",$39755.00
FY11-AN-005694,"Brave New World Repertory Theatre, Inc.",$13990.00
FY11-MY-005763,Brecht Forum,$13990.00
FY11-RN-006062,BRIC Arts Media Bklyn,$225385.00
FY11-AN-005546,"Brick Theater, Inc.",$13990.00
FY11-RN-006288,"Brighton Ballet Theater Company, Inc.",$13990.00
FY11-MY-005676,"Brighton Neighborhood Association, Inc.",$9480.00
FY11-RN-006117,Bronx Arts Ensemble,$203020.00
FY11-AN-005183,Bronx Community College Music Consortium,$4920.00
FY11-RN-006057,Bronx Council on the Arts,$478385.00
FY11-RN-006068,"Bronx Dance Theatre, Inc.",$154680.00
FY11-RN-006067,"Bronx House, Inc.",$23320.00
FY11-RN-006046,Bronx Opera Company,$49475.00
FY11-RN-006276,"Bronx River Art Center, Inc.",$84320.00
FY11-AN-005295,"Bronx Stage & Film Company, Inc.",$4920.00
FY11-AN-005118,"Bronx Symphony Orchestra, Inc.",$9330.00
FY11-AN-005583,"Brooklyn Art Incubator, Inc.",$4920.00
FY11-RN-006158,"Brooklyn Arts Council, Inc.",$486370.00
FY11-RN-006044,Brooklyn Arts Exchange,$32645.00
FY11-AN-005261,"Brooklyn Ballet, Inc.",$49380.00
FY11-RN-006089,"Brooklyn Bridge Park Conservancy, Inc.",$13990.00
FY11-RN-005976,Brooklyn Conservatory of Music,$63940.00
FY11-AN-005136,"Brooklyn Four Plus One, Inc.",$4920.00
FY11-AN-005214,Brooklyn Heights Music Society,$11660.00
FY11-RN-005999,Brooklyn Historical Society,$118855.00
FY11-MY-005726,Brooklyn Navy Yard Development Corporation,$13990.00
FY11-RN-006129,"Brooklyn Philharmonic Symphony Orchestra, Inc.",$304125.00
FY11-AN-005902,Brooklyn Steppers,$4920.00
FY11-AN-005128,Brooklyn Waterfront Artist Coalition,$4920.00
FY11-AN-005543,"Brooklyn Young Filmmakers Center, Inc.",$4920.00
FY11-RN-006083,"Brooklyn Youth Chorus Academy, Inc.",$93265.00
FY11-MY-005299,"Builders Association, Inc.",$13990.00
FY11-AN-005194,"Bushwick Institute of the Performing Arts, Inc.",$19905.00
FY11-AN-005417,"Bushwick Starr, Inc.",$4920.00
FY11-AN-005817,"Calpulli Mexican Dance Company, Inc.",$23320.00
FY11-MY-005606,Camera Club of New York,$13990.00
FY11-AN-005779,"Camera News, Inc.",$13990.00
FY11-RN-005955,"Career Transition for Dancers, Inc.",$13990.00
FY11-AN-005781,"Caribbean American Repertory Theatre, Inc.",$5000.00
FY11-MY-005517,"Casita Maria, Inc.",$13990.00
FY11-RN-006235,"Cave Canem Foundation, Inc.",$13990.00
FY11-AN-005143,"CAVE Organization, Inc.",$4920.00
FY11-RN-006061,"CEC Stuyvesant Cove, Inc.",$13990.00
FY11-RN-006048,"Center for Arts Education, Inc.",$100375.00
FY11-RN-006072,"Center for Book Arts, Inc.",$32645.00
FY11-AN-005170,Center for Contemporary Opera,$4920.00
FY11-MY-005114,Center for Jewish History,$13990.00
FY11-AN-005699,"Center for Performance Research, Inc.",$4920.00
FY11-RN-006065,Center for the Study of Classical Architecture,$13990.00
FY11-MY-005906,Center for Traditional Music and Dance,$58480.00
FY11-AN-005104,"Center for Urban Pedagogy, Inc.",$18655.00
FY11-AN-005055,"Center Stage Community Playhouse, Inc.",$5000.00
FY11-AN-005240,"Central Astoria Local Development Coalition, Inc.",$46935.00
FY11-AN-005571,"Centro Civico Cultural Dominicano, Inc.",$4920.00
FY11-AN-005493,"Centro Cultural Cubano, Inc.",$4920.00
FY11-RN-006060,"Chamber Music America, Inc.",$13990.00
FY11-MY-005342,"Chamber Music Society of Lincoln Center, Inc.",$13990.00
FY11-AN-005088,Change for Kids Inc,$6995.00
FY11-RN-006135,"Chashama, Inc.",$25840.00
FY11-MY-005241,Chelsea Art Museum,$14760.00
FY11-AN-005110,"Chelsea Opera, Inc.",$4920.00
FY11-RN-006231,"Cherry Lane Alternative, Inc.",$37385.00
FY11-MY-005292,"Chez Bushwick, Inc.",$13990.00
FY11-MY-005198,Children's Aid Society,$13990.00
FY11-RN-006120,Children's Art Carnival,$23470.00
FY11-MY-005475,"Children's Arts & Science Workshops, Inc.",$4920.00
FY11-MY-005437,Children's Museum of Manhattan,$189370.00
FY11-RN-006017,Children's Museum of the Arts,$32645.00
FY11-AN-005448,"Chinese American Arts Council, Inc.",$6995.00
FY11-AN-005664,"Chinese Theatre Works, Inc.",$23320.00
FY11-AN-005620,"Cinema Tropical, Inc.",$9330.00
FY11-MY-005121,"Circle in the Square Theatre School, Inc.",$13990.00
FY11-AN-005191,"Circuit Productions, Inc.",$11660.00
FY11-AN-005703,"Circus Amok, Inc.",$16325.00
FY11-RN-006183,"Cities at Peace, Inc.",$13990.00
FY11-RN-006140,"City Grand Opera Society, Inc.",$13990.00
FY11-AN-005313,City Island Historical Society,$9405.00
FY11-AN-005536,City Island Theater Group,$5000.00
FY11-RN-006267,"City Lore, Inc.",$49950.00
FY11-MY-005153,City Parks Foundation,$116580.00
FY11-MY-005756,"CityArts, Inc.",$13990.00
FY11-RN-006076,"CityKids Foundation, Inc.",$13990.00
FY11-AN-005652,"Citywide Youth Opera, Inc.",$3000.00
FY11-RN-005939,"Civilians, Inc.",$13990.00
FY11-AN-005420,"Clarion Music Society, Inc.",$4920.00
FY11-RN-006290,"Classical Theatre of Harlem, Inc.",$40700.00
FY11-MY-005506,"Clemente Soto Velez Cultural and Educational Center, Inc.",$13990.00
FY11-MY-005341,"Clubbed Thumb, Inc.",$13990.00
FY11-RN-006152,Coalition for Hispanic Family Services,$13990.00
FY11-AN-005398,"Collapsable Giraffe, Inc.",$4920.00
FY11-RN-006006,"College Community Services, Inc.",$66535.00
FY11-MY-005096,Collegiate Chorale,$13990.00
FY11-MY-005534,Colonial Dames of America/Mount Vernon Hotel Museum & Garden,$18730.00
FY11-RN-006033,"Colonial Farmhouse Restoration Society of Bellerose, Inc.",$210220.00
FY11-MY-005415,"Community Works, Inc.",$34800.00
FY11-RN-006038,"Community-Word Project, Inc.",$26635.00
FY11-RN-005987,Complexions - A Concept in Dance,$13990.00
FY11-AN-005896,"Composers Collaborative, Inc.",$6995.00
FY11-MY-005479,"Concert Artists Guild, Inc.",$13990.00
FY11-AN-005642,Concerts in the Heights,$4920.00
FY11-AN-005097,Concrete Temple Theatre,$4920.00
FY11-MY-005707,"Coney Island History Project, Inc.",$9330.00
FY11-MY-005259,"Coney Island, USA",$29005.00
FY11-AN-005217,"Conference House Association, Inc.",$23320.00
FY11-AN-005879,"Congress for Jewish Culture, Inc.",$6995.00
FY11-AN-005235,Conrad Poppenhusen Association,$48755.00
FY11-AN-005238,Conscientious Musical Revues,$4920.00
FY11-RN-006209,Cool Culture,$43545.00
FY11-RN-006234,"Cooper-Hewitt, National Design Museum",$32645.00
FY11-AN-005257,Cora Incorporated,$4920.00
FY11-RN-006115,Council of Literary Magazines and Presses,$23320.00
FY11-RN-006168,Council on the Arts and Humanities for Staten Island,$198260.00
FY11-AN-005330,"Covenant Ballet Theatre of Brooklyn, Inc.",$4920.00
FY11-AN-005134,Coyote REP Theatre Company,$4920.00
FY11-RN-006242,Creative Arts Team,$13990.00
FY11-RN-006090,"Creative Center, Inc.",$13990.00
FY11-RN-006119,"Creative Outlet Dance Theatre of Brooklyn, Inc.",$35260.00
FY11-RN-006278,"Creative Time, Inc.",$98005.00
FY11-AN-005222,"Cross Performance, Inc.",$4920.00
FY11-RN-005963,"CSC Repertory, Ltd.",$32645.00
FY11-RN-005954,CSI Foundation,$13990.00
FY11-RN-006022,CUE Art Foundation,$13990.00
FY11-AN-005683,"Cultural Center for Soviet Refugees, Inc.",$4920.00
FY11-AN-005368,"Cultural Collaborative Jamaica, Inc.",$18960.00
FY11-RN-006222,"Cunningham Dance Foundation, Inc.",$32645.00
FY11-AN-005328,"CYPRECO of America, Inc.",$9330.00
FY11-AN-005895,"Da Capo Chamber Players, Inc.",$4920.00
FY11-AN-005529,"Dance Entropy, Inc.",$14980.00
FY11-AN-005609,"Dance Films Association, Inc.",$13990.00
FY11-RN-006144,"Dance New Amsterdam, Inc.",$74610.00
FY11-AN-005350,"Dance Project Sequence, Inc.",$4920.00
FY11-RN-006028,"Dance Ring, Inc.",$32645.00
FY11-MY-005367,"Dance Theater Workshop, Inc.",$98005.00
FY11-AN-005354,"Dance Theatre Etcetera, Inc.",$23320.00
FY11-RN-006015,"Dance Theatre of Harlem, Inc.",$171740.00
FY11-RN-006216,Dance/USA,$13990.00
FY11-AN-005072,Dancenow/NYC,$13990.00
FY11-AN-005370,Dances For A Variable Population,$7985.00
FY11-RN-006251,"Dancewave, Inc.",$17310.00
FY11-MY-005215,"DanceWorks, Inc.",$32645.00
FY11-AN-005067,"Dancing Crane, Inc.",$4920.00
FY11-AN-005273,"Dancing in the Streets, Inc.",$18655.00
FY11-RN-006147,"Danspace Project, Inc.",$63465.00
FY11-RN-006096,"Design Trust for Public Space, Inc.",$23320.00
FY11-AN-005894,"Desipina Productions, Inc.",$4920.00
FY11-AN-005470,"Dessoff Choirs, Inc.",$4920.00
FY11-RN-006104,Dia Center for the Arts,$35490.00
FY11-RN-006059,Dicapo Opera Theatre Corp.,$13990.00
FY11-RN-006003,"Dieu Donne Paper Mill, Inc.",$13990.00
FY11-RN-006228,"Diller-Quaile School of Music, Inc.",$13990.00
FY11-AN-005382,"Direct Arts, Inc.",$4920.00
FY11-RN-005977,"Discalced, Inc.",$74610.00
FY11-AN-005353,"Diversity in Arts and Nations for Cultural Education, Inc.",$4920.00
FY11-MY-005468,"Doing Art Together, Inc.",$16835.00
FY11-RN-005961,"Dova, Inc.",$13990.00
FY11-AN-005283,"Downtown Art Company, Inc.",$9330.00
FY11-RN-006162,Downtown Community Television Center,$23320.00
FY11-RN-006246,"Drama League of New York, Inc.",$13990.00
FY11-AN-005392,"Drammeh Institute, Inc.",$4920.00
FY11-RN-005952,"Drawing Center, Inc.",$23320.00
FY11-RN-006199,"Dream Yard Drama Project, Inc.",$60625.00
FY11-AN-005871,Drilling Company Theatrical Productions,$4920.00
FY11-AN-005497,Drumsongs Productions,$4920.00
FY11-AN-005883,"Dusan Tynek Dance Theatre Foundation, Inc.",$4920.00
FY11-AN-005079,"Dynamic Forms, Inc.",$32645.00
FY11-MY-005050,"E. Monte Motion, Inc.",$13990.00
FY11-RN-005945,"Early Music Foundation, Inc.",$13990.00
FY11-RN-006114,"Early Stages Program, Inc.",$13990.00
FY11-AN-005351,"EarSay, Inc.",$12830.00
FY11-AN-005566,"East River Ensemble, Inc.",$6995.00
FY11-AN-005616,"East Winds, Inc.",$6995.00
FY11-RN-005944,"Education Through Music, Inc.",$65035.00
FY11-RN-006002,Educational Broadcasting Corporation,$13990.00
FY11-AN-005252,"Educational Theater of New York, Inc.",$6995.00
FY11-RN-006132,"Educational Video Center, Inc.",$13990.00
FY11-AN-005169,"Either/Or, Inc.",$4920.00
FY11-RN-006111,"EL PUENTE DE WILLIAMSBURG, INC.",$46635.00
FY11-RN-006087,Elaine Kaufman Cultural Center/Lucy Moses School for Music and Dance,$186525.00
FY11-MY-005438,Elders Share the Arts,$13990.00
FY11-RN-006230,"Eldridge Street Project, Inc.",$32645.00
FY11-RN-006019,Electronic Arts Intermix,$23320.00
FY11-MY-005312,"Electronic Music Foundation, Inc.",$13990.00
FY11-RN-006037,"Elevator Repair Service Theater, Inc.",$13990.00
FY11-RN-006268,Elizabeth Foundation for the Arts,$23320.00
FY11-AN-005655,Emerging Artists Theatre Company,$10790.00
FY11-AN-005498,"En Foco, Inc.",$32645.00
FY11-AN-005296,Ensemble for the Romantic Century,$4920.00
FY11-MY-005702,"Ensemble Studio Theatre, Inc.",$37385.00
FY11-MY-005480,"Epic Theatre Center, Inc.",$13990.00
FY11-RN-006093,Esopus Foundation Ltd.,$13990.00
FY11-MY-005186,Ethel's Foundation for the Arts,$13990.00
FY11-RN-006084,"Eugenio Maria de Hostos Community College Foundation, Inc.",$116580.00
FY11-AN-005681,"Eva Dean Dance Company, Inc.",$5000.00
FY11-MY-005458,"Evidence, Inc.",$46635.00
FY11-RN-005950,"Exit Art/The First World, Inc.",$35960.00
FY11-MY-005466,"Eyebeam Atelier, Inc.",$32645.00
FY11-AN-005449,Falconworks Artists Group,$18655.00
FY11-MY-005223,"Federation Employment & Guidance Service, Inc.",$13990.00
FY11-MY-005631,Feminist Press at City University of New York,$13990.00
FY11-RN-006045,Fiji Theatre Company,$23320.00
FY11-RN-005979,"Film Forum, Inc.",$51375.00
FY11-AN-005405,"Five Myles, Inc.",$4920.00
FY11-AN-005550,"Flamenco Latino, Inc.",$11660.00
FY11-RN-006008,"Flea Theater, Inc.",$32645.00
FY11-AN-005569,Fleadh Foundation,$37840.00
FY11-AN-005380,Flux Factory,$23320.00
FY11-MY-005344,Folksbiene Yiddish Theatre,$28210.00
FY11-AN-005539,"Forty Greene Avenue Cultural Center, Inc.",$50000.00
FY11-AN-005887,"Forward Motion Theatre, Inc.",$4920.00
FY11-RN-006034,"Foundation for Contemporary Arts, Inc.",$13990.00
FY11-RN-006206,"Foundation for Dance Promotion, Inc.",$46635.00
FY11-RN-006291,"Foundry Theatre, Inc.",$23320.00
FY11-RN-006026,"Fountain House, Inc.",$13990.00
FY11-AN-005526,"Fourth Arts Block, Inc.",$14505.00
FY11-RN-006255,"Fractured Atlas Productions, Inc.",$72925.00
FY11-MY-005310,"Franklin Furnace Archive, Inc.",$13990.00
FY11-RN-006102,"Free Arts for Abused Children of New York City, Inc.",$23320.00
FY11-AN-005737,Freestyle Repertory Theatre,$4920.00
FY11-MY-005157,French Institute-Alliance Francaise,$13990.00
FY11-AN-005739,"FreshStart-Cultural Theatre Arts Productions, Inc.",$4920.00
FY11-MY-005360,"Friends of Alice Austen House, Inc.",$37385.00
FY11-AN-005597,Friends of Historic New Utrecht,$8455.00
FY11-AN-005139,"Friends of The Choral Society, Inc.",$4920.00
FY11-MY-005617,Friends of the High Line,$23320.00
FY11-MY-005397,Friends of the New York Transit Museum,$93265.00
FY11-AN-005087,Friends of the Upper East Side Historic Districts,$14405.00
FY11-AN-005221,Friends of the Woodlawn Cemetery,$4920.00
FY11-AN-005409,"Frog & Peach Theatre Company, Inc.",$7510.00
FY11-AN-005789,Fulton Art Fair,$5000.00
FY11-AN-005264,Garibaldi-Meucci Museum,$16475.00
FY11-RN-006029,General Society of Mechanics and Tradesmen of the City,$13990.00
FY11-RN-006179,"Gertrude Stein Repertory Theatre, Inc.",$13990.00
FY11-RN-006139,"Ghetto Film School, Inc.",$56340.00
FY11-AN-005594,"Gilgamesh Theatre Group, Inc.",$4920.00
FY11-RN-006016,Gina Gibney Dance Inc.,$13990.00
FY11-AN-005203,Girls Write Now Inc.,$16325.00
FY11-MY-005632,"Global Action Project, Inc.",$13990.00
FY11-RN-006146,Godwin Ternbach Museum,$13990.00
FY11-AN-005795,"Golden Fleece Theatre Company, Ltd.",$4920.00
FY11-AN-005772,"Goliard Concerts, Inc.",$7985.00
FY11-MY-005446,"Gotham Early Music Scene, Inc.",$13990.00
FY11-AN-005680,"Gotham Performing Arts, Inc.",$4920.00
FY11-AN-005645,Grace & Spiritus Chorale of Brooklyn,$4920.00
FY11-AN-005696,"Great Small Works, Inc.",$4920.00
FY11-AN-005856,Greater Astoria Historical Society,$22960.00
FY11-AN-005581,Greater Ridgewood Historical Society,$23545.00
FY11-RN-006193,"Greenwich House, Inc.",$13990.00
FY11-RN-006275,Greenwich Village Society for Historic Preservation,$23470.00
FY11-RN-005971,Groundswell Community Mural Project,$23470.00
FY11-RN-006113,"Group 1 Acting Company, Inc.",$13990.00
FY11-RN-005965,"H.T. Dance Company, Inc.",$23320.00
FY11-RN-005948,"Haleakala, Inc.",$121320.00
FY11-AN-005251,"Hands On Sign Interpreted Performances, Inc.",$6995.00
FY11-AN-005748,Harlem Artists' Development League Especially For You,$57985.00
FY11-RN-006064,Harlem Arts Alliance,$38330.00
FY11-RN-006211,"Harlem School of the Arts, Inc.",$83140.00
FY11-AN-005725,"Harlem Textile Works, Inc.",$6995.00
FY11-AN-005375,"Harmonie Ensemble, Inc.",$4920.00
FY11-AN-005171,"Harmony Program, Inc.",$13990.00
FY11-RN-006238,"Harvestworks, Inc.",$32645.00
FY11-RN-005970,Heart of Brooklyn Cultural Institutions,$13990.00
FY11-MY-005094,Hebrew Home for the Aged at Riverdale,$13990.00
FY11-AN-005309,Heidi Latsky Dance,$6995.00
FY11-RN-006018,Henry Street Settlement,$93265.00
FY11-AN-005355,Hester Street Collaborative,$9330.00
FY11-AN-005880,"High Tide Dance, Inc.",$6995.00
FY11-RN-006103,Highbridge Voices Corporation,$13990.00
FY11-RN-006284,Hip Hop Theatre Festival,$13990.00
FY11-AN-005450,Hispanic Organization of Latin Actors,$4920.00
FY11-RN-006164,"Historic Districts Council, Inc.",$24890.00
FY11-RN-006167,"Home for Contemporary Theatre & Art, Ltd",$74610.00
FY11-RN-005994,Horticultural Society of New York,$23320.00
FY11-RN-006229,"Hospital Audiences, Inc.",$196480.00
FY11-AN-005469,"Hotel Savant Theatre Company, Inc.",$4920.00
FY11-RN-006148,"House Foundation for the Arts, Inc.",$13990.00
FY11-AN-005662,"House of the Roses Volunteer Dance Company, Inc.",$4920.00
FY11-AN-005701,Houses on the Moon Theater Company,$11660.00
FY11-RN-006009,"Housing Works Used Book Caf?, Inc.",$13990.00
FY11-AN-005800,"Howl, Inc.",$6995.00
FY11-AN-005633,"Hudson Guild, Inc.",$4920.00
FY11-AN-005537,I Cantori di New York,$4920.00
FY11-RN-006088,"Ice Theatre of New York, Inc.",$13990.00
FY11-AN-005413,ID Studio Theater Performance and Research Center,$6995.00
FY11-MY-005727,"Ifetayo Cultural Arts Facility, Inc.",$49830.00
FY11-RN-006185,Il Piccolo,$13990.00
FY11-AN-005693,"iLAND, Inc.",$6995.00
FY11-RN-006160,Immaterial Incorporated,$13990.00
FY11-AN-005656,Immediate Medium,$4920.00
FY11-RN-006293,"Indo-American Arts Council, Inc.",$13990.00
FY11-AN-005889,"Infinity Dance Theater Company, Ltd.",$6995.00
FY11-AN-005518,"Instituto Arte Teatral Internacional, Inc.",$11660.00
FY11-MY-005899,"Inta, Inc.",$13990.00
FY11-AN-005372,"Interactive Drama for Education and Awareness in Schools, Inc.",$11660.00
FY11-AN-005591,International African Arts Festival,$14070.00
FY11-RN-006205,"International Arts Relations, Inc.",$93320.00
FY11-MY-005082,International Center of Photography,$77930.00
FY11-MY-005742,"International Contemporary Ensemble Foundation, Inc.",$13990.00
FY11-RN-006171,International Print Center New York,$13990.00
FY11-RN-006165,International Studio and Curatorial Program,$13990.00
FY11-MY-005551,"InterSchool Orchestras of New York, Inc.",$46635.00
FY11-RN-006123,"Intrepid Museum Foundation, Inc.",$93265.00
FY11-RN-006250,"Irish Repertory Theatre Company, Inc.",$17310.00
FY11-RN-006224,"Irondale Productions, Inc.",$34575.00
FY11-AN-005801,Isadora Duncan Dance Foundation,$13990.00
FY11-RN-006050,Isamu Noguchi Foundation and Garden Museum,$189845.00
FY11-AN-005085,"Issue Project Room, Inc.",$16325.00
FY11-RN-006130,Italian American Museum,$13990.00
FY11-AN-005196,"Jacques Marchais Center of Tibetan Arts, Inc.",$42520.00
FY11-RN-005975,"Japan Society, Inc.",$46635.00
FY11-RN-006012,Jewish Children's Learning Lab,$13990.00
FY11-RN-006086,"Jewish Community Center in Manhattan, Inc.",$23320.00
FY11-AN-005151,"Jewish Community Council of Pelham Parkway, Inc.",$4920.00
FY11-RN-005982,Jewish Museum,$116580.00
FY11-AN-005282,"Jody Sperling Time Lapse Dance, Inc.",$4920.00
FY11-RN-005986,"Jose Limon Dance Foundation, Inc.",$32645.00
FY11-MY-005490,"Joyce Theater Foundation, Inc.",$154115.00
FY11-RN-005996,Judd Foundation,$13990.00
FY11-AN-005444,"Juneteenth Festival, Inc.",$6995.00
FY11-RN-006187,"Jupiter Symphony of New York, Inc.",$13990.00
FY11-AN-005352,Kalavant Center for Music and Dance,$4920.00
FY11-AN-005731,"Kathak Ensemble & Friends Caravan, Inc.",$4920.00
FY11-MY-005708,"Keen Theater Company, Inc.",$13990.00
FY11-AN-005759,"Keep Rising to the Top, Inc.",$4920.00
FY11-MY-005065,"Keigwin and Company, Inc.",$13990.00
FY11-RN-006184,"Kenkeleba House, New York",$23320.00
FY11-AN-005242,"Kentler International Drawing Space, Inc.",$9330.00
FY11-AN-005454,"Keys to the Future Festival, Inc.",$4920.00
FY11-RN-006156,"King Manor Association of Long Island, Inc.",$69855.00
FY11-RN-006095,Kings Majestic Corporation,$60625.00
FY11-AN-005439,Kingsborough Community College Auxiliary Enterprises Corp.,$18655.00
FY11-AN-005798,KowTeff School of African Dance,$4920.00
FY11-AN-005649,"Kunqu Society, Inc.",$4920.00
FY11-RN-005980,Kupferberg Center Performances,$46635.00
FY11-AN-005764,La Casa de la Herencia Cultural Puertorriquena,$10000.00
FY11-AN-005516,"La Donna Dance, Inc.",$4920.00
FY11-RN-006133,"La Mama Experimental Theater Club, Inc.",$116580.00
FY11-AN-005266,"La Troupe Makandal, Inc.",$6995.00
FY11-MY-005181,"LAByrinth, Inc.",$37385.00
FY11-RN-006253,LaGuardia Performing Arts Center,$13990.00
FY11-AN-005393,"LaMicro Theater, Inc.",$4920.00
FY11-MY-005430,"Landmark West, Inc.",$13990.00
FY11-RN-006070,Lark Theatre Company,$37385.00
FY11-AN-005884,"Latin American Cultural Center of Queens, Inc.",$4920.00
FY11-RN-006249,"Latino International Theater Festival of New York, Inc.",$43545.00
FY11-AN-005051,League of Composers,$4920.00
FY11-AN-005308,"Learning Leaders, Inc.",$4920.00
FY11-RN-006157,"Learning Through an Expanded Arts Program, Inc.",$13990.00
FY11-MY-005066,Lehman College Art Gallery,$23320.00
FY11-RN-006031,"Lehman College Center for the Performing Arts, Inc.",$93265.00
FY11-AN-005236,"Library Action Committee of Corona-East Elmhurst, Inc.",$11660.00
FY11-AN-005907,"Light Industry Cinema Projects, Ltd",$6995.00
FY11-MY-005280,Lighthouse International,$13990.00
FY11-MY-005407,"Location One, Inc.",$13990.00
FY11-AN-005388,"Loco-Motion Dance Theatre for Children, Inc.",$4920.00
FY11-AN-005192,"Look & Listen, Inc.",$4920.00
FY11-RN-006150,"Los Pleneros de la 21, Inc.",$21100.00
FY11-RN-005995,Lotus Fine Arts Productions Inc.,$13990.00
FY11-MY-005074,Louis Armstrong House,$60625.00
FY11-RN-006280,Lower East Side Girls Club,$23320.00
FY11-RN-006126,"Lower East Side Printshop, Inc.",$32645.00
FY11-MY-005103,Lower East Side Tenement Museum,$121580.00
FY11-RN-006080,Lower Manhattan Cultural Council,$512950.00
FY11-RN-006287,"Lubovitch Dance Foundation, Inc.",$46635.00
FY11-MY-005126,"Lyric Chamber Music Society of New York, Inc.",$13990.00
FY11-RN-006078,"MA-YI Filipino Theatre Ensemble, Inc.",$13990.00
FY11-MY-005540,"Mabou Mines Development Foundation, Inc.",$13990.00
FY11-RN-006052,Madison Square Park Conservancy,$13990.00
FY11-AN-005212,"Magic Box Productions, Inc.",$4920.00
FY11-AN-005058,"Make Music New York, Inc.",$9330.00
FY11-RN-005991,"Making Books Sing, Inc.",$23320.00
FY11-RN-006256,"Mama Foundation for the Arts, Inc.",$18730.00
FY11-AN-005863,Manhattan Choral Ensemble,$4920.00
FY11-MY-005137,"Manhattan Class Company, Inc.",$23320.00
FY11-RN-006215,Manhattan Community Access Corporation,$13990.00
FY11-RN-006245,"Manhattan New Music Project, Inc.",$13990.00
FY11-AN-005671,"Manhattan Sprout, Inc.",$13990.00
FY11-MY-005172,"Manhattan Theatre Club, Inc.",$55165.00
FY11-RN-006279,"Manna House Workshops, Inc.",$13990.00
FY11-AN-005729,Mano a Mano: Mexican Culture Without Borders,$9330.00
FY11-RN-005941,"MAPP International Productions, Inc.",$13990.00
FY11-AN-005307,Marie-Christine Giordano Dance Company,$4920.00
FY11-RN-006285,"Marquis Studios, Ltd.",$23320.00
FY11-RN-006105,"Martha Graham Center of Contemporary Dance, Inc.",$93265.00
FY11-AN-005159,Mass Transit Street Theater,$11660.00
FY11-AN-005634,Maysles Institute Inc.,$7985.00
FY11-AN-005323,"Medicine Show Theatre Ensemble, Inc.",$4920.00
FY11-RN-006191,"Meet the Composer, Inc.",$46635.00
FY11-AN-005190,"Melodia Women's Choir of NYC, Inc.",$12170.00
FY11-MY-005758,Mercantile Library Association of the City of New York,$23320.00
FY11-RN-005998,"Metropolitan Opera Association, Inc.",$116580.00
FY11-RN-006272,Mexican American Symphony Orchestra,$13990.00
FY11-RN-006263,"Midori Foundation, Inc.",$98005.00
FY11-RN-006053,"Midtown Management Group, Inc.",$103500.00
FY11-AN-005867,"Migrating Forms Festival, Inc",$4920.00
FY11-AN-005304,"Millennium Film Workshop, Inc.",$6995.00
FY11-AN-005075,"Mind to Move, Inc.",$4920.00
FY11-RN-006257,Mind-Builders Creative Arts Center,$93265.00
FY11-RN-006077,"Mint Theater Company, Inc.",$13990.00
FY11-RN-006277,"Mirror Theatre, Ltd.",$13990.00
FY11-AN-005262,"MiShinnah Productions, Inc",$4920.00
FY11-AN-005220,"Momenta Art, Inc.",$9330.00
FY11-AN-005741,Monica Bill Barnes & Company LLC,$4920.00
FY11-AN-005443,Moose Hall Theatre Company,$12645.00
FY11-AN-005561,"More Art, Inc.",$5000.00
FY11-RN-006013,"Movement Research, Inc.",$46635.00
FY11-AN-005391,"Moving Theater, Inc.",$4920.00
FY11-AN-005567,"Mud Bone Collective, Inc.",$9330.00
FY11-RN-005937,Muller Works Foundation,$13990.00
FY11-MY-005598,"Multicultural Music Group, Inc.",$23320.00
FY11-MY-005173,Museum for African Art,$139895.00
FY11-MY-005723,Museum of Arts & Design,$106060.00
FY11-RN-005962,Museum of Biblical Art,$93265.00
FY11-MY-005487,Museum of Chinese in the Americas,$60625.00
FY11-AN-005865,Museum of Comic and Cartoon Art,$4920.00
FY11-RN-006066,"Museum of Contemporary African Diasporan Arts, Inc.",$49110.00
FY11-AN-005230,"Music at the Anthology, Inc.",$9330.00
FY11-AN-005122,"Music Before 1800, Inc.",$4920.00
FY11-AN-005396,Music from China,$9330.00
FY11-AN-005249,Music in the Center,$4920.00
FY11-RN-006283,"Music-Theatre Group, Inc.",$32645.00
FY11-AN-005320,"Musica De Camara, Inc.",$24570.00
FY11-AN-005092,Musica Reginae Productions Ltd.,$9330.00
FY11-AN-005089,"Musical Chairs Chamber Ensemble, Inc.",$9330.00
FY11-RN-006220,"Naked Angels, Ltd.",$13990.00
FY11-MY-005647,National Academy of Design,$13990.00
FY11-AN-005792,"National Asian American Theatre Co., Inc.",$9330.00
FY11-RN-006239,"National Black Theatre Workshop, Inc.",$106635.00
FY11-MY-005102,National Choral Council,$49475.00
FY11-RN-006124,"National Dance Institute, Inc.",$56350.00
FY11-MY-005394,"National Music Theater Network, Inc.",$13990.00
FY11-RN-006109,"Negro Ensemble Company, Inc.",$39990.00
FY11-RN-005966,"New 42nd Street, Inc.",$93265.00
FY11-AN-005881,New Africa Live,$4920.00
FY11-AN-005524,"New American Cinema Group, Inc.",$4920.00
FY11-MY-005070,New Art Publications,$13990.00
FY11-AN-005584,"New Dance Alliance, Inc.",$11660.00
FY11-RN-006049,"New Dramatists, Inc.",$49950.00
FY11-RN-006141,"New Federal Theatre, Inc.",$83990.00
FY11-RN-006219,"New Group, Inc.",$17785.00
FY11-RN-006240,New Heritage Theatre Group,$96635.00
FY11-MY-005712,New Museum of Contemporary Art,$60625.00
FY11-AN-005348,New Perspectives Theatre Company,$4920.00
FY11-AN-005364,"New Radio and Performing Arts, Inc.",$9330.00
FY11-RN-006122,New School,$13990.00
FY11-AN-005432,"New Worlds Theatre Project, Inc.",$4920.00
FY11-MY-005431,New York Academy of Sciences,$13990.00
FY11-AN-005302,New York African Chorus Ensemble Inc.,$4920.00
FY11-AN-005138,"New York Art Ensemble, Inc.",$4920.00
FY11-MY-005453,"New York Chinese Cultural Center, Inc.",$23320.00
FY11-AN-005547,New York City Arts in Education Roundtable,$4920.00
FY11-AN-005211,New York City Community Chorus at Holy Apostles,$7510.00
FY11-RN-006258,New York City Police Museum,$46635.00
FY11-AN-005049,"New York Classical Theatre, Inc.",$24890.00
FY11-MY-005486,"New York Festival of Song, Inc.",$9480.00
FY11-MY-005209,"New York Foundation for Architecture, Inc.",$13990.00
FY11-MY-005315,New York Foundation for the Arts,$233160.00
FY11-MY-005434,New York International Children's Film Festival,$13990.00
FY11-AN-005105,New York Lesbian and Gay Experimental Film Festival,$18655.00
FY11-AN-005705,New York Neo-Futurists,$4920.00
FY11-RN-006261,"New York Pops, Inc.",$16835.00
FY11-MY-005555,New York Public Radio,$82670.00
FY11-AN-005549,New York Repertory Orchestra,$4920.00
FY11-AN-005565,New York Scandia Symphony,$4920.00
FY11-RN-006295,"New York Studio School of Drawing, Painting & Sculpture",$32645.00
FY11-AN-005187,"New York Theatre Experience, Inc.",$13990.00
FY11-RN-006021,"New York Theatre Workshop, Inc.",$121320.00
FY11-RN-006107,"New York Women in Film & Television, Inc.",$16835.00
FY11-RN-006094,"New York Youth Symphony, Inc.",$32645.00
FY11-RN-006225,New-York Historical Society,$193160.00
FY11-AN-005451,"Nia Theatrical Production Co, Inc.",$9330.00
FY11-RN-005953,Noble Maritime Collection,$37385.00
FY11-RN-006214,"Noel Pointer Foundation, Inc.",$13990.00
FY11-AN-005595,"North/South Consonance, Inc.",$6995.00
FY11-MY-005177,Northern Manhattan Arts Alliance,$13990.00
FY11-AN-005345,Northern Woodside Coalition,$3500.00
FY11-AN-005318,Notes in Motion,$4920.00
FY11-AN-005625,"NURTUREart Non-Profit, Inc.",$18805.00
FY11-RN-005985,Nuyorican Poets Caf?,$23320.00
FY11-AN-005471,"NY Artists Unlimited, Inc.",$4920.00
FY11-RN-006043,NY Writers Coalition,$16835.00
FY11-AN-005425,NYC KidsFest,$4920.00
FY11-AN-005556,NycArtsCypher Inc,$4920.00
FY11-RN-006091,"Old Merchant's House Museum of New York, Inc.",$13990.00
FY11-AN-005776,Old Stone House of Brooklyn,$6995.00
FY11-AN-005678,"Omni Ensemble, Ltd.",$4920.00
FY11-AN-005140,"One Year Lease, Inc.",$4920.00
FY11-RN-005940,"Ontological-Hysteric Theater, Inc.",$13990.00
FY11-RN-006254,"Open Channels New York, Inc.",$13990.00
FY11-RN-006010,"openhousenewyork, Inc.",$26160.00
FY11-AN-005753,"Opening Act, Inc.",$18655.00
FY11-RN-006143,Opus 118 Harlem School of Music,$57535.00
FY11-AN-005298,"Oratorio Society of Queens, Inc.",$23905.00
FY11-AN-005125,Orchestra of the Bronx,$4920.00
FY11-AN-005673,Origin Theatre Company,$4920.00
FY11-RN-006007,"Orpheon, Inc.",$13990.00
FY11-MY-005419,"Orpheus Chamber Orchestra, Inc.",$32645.00
FY11-AN-005435,Others Are Us,$4920.00
FY11-RN-005956,"Our Time Theatre Company, Inc.",$13990.00
FY11-AN-005482,"Outpost Artists Resources, Inc.",$11660.00
FY11-AN-005868,"Overfoot, Inc.",$4920.00
FY11-AN-005478,"Page Seventy-Three Productions, Inc.",$13990.00
FY11-RN-005989,Paley Center for Media,$32645.00
FY11-AN-005297,"Pan American Musical Art Research, Inc.",$4920.00
FY11-MY-005245,"Pan Asian Repertory Theatre, Inc.",$23320.00
FY11-AN-005718,Pantomonium Productions,$4920.00
FY11-RN-006056,Paper Bag Players,$16835.00
FY11-AN-005325,"Paper Tiger Television, Inc.",$6995.00
FY11-AN-005167,Parallel Exit,$9330.00
FY11-AN-005629,"Parsifal's Productions, Inc.",$11660.00
FY11-RN-006137,Parsons Dance Foundation,$13990.00
FY11-AN-005213,Partial Comfort Productions,$4920.00
FY11-AN-005639,"Participant, Inc.",$9330.00
FY11-RN-006271,Pascal Rioult Dance Theatre,$13990.00
FY11-MY-005528,"Paul Taylor Dance Foundation, Inc.",$116580.00
FY11-MY-005276,"Pearl Theatre Company, Inc.",$13990.00
FY11-AN-005332,"Peccadillo Theater Company, Inc.",$4920.00
FY11-AN-005691,"Peculiar Works Project, Inc.",$6995.00
FY11-RN-006082,"PEN American Center, Inc.",$32645.00
FY11-AN-005626,"Pepatian, Inc.",$4920.00
FY11-RN-006035,"PERFORMA, Inc.",$13990.00
FY11-MY-005366,Performance Space 122,$60625.00
FY11-RN-006161,"Performance Zone, Inc.",$51375.00
FY11-MY-005071,"Philharmonic - Symphony Society of New York, Inc.",$163210.00
FY11-MY-005356,"Philoctetes Center, Inc.",$13990.00
FY11-AN-005628,Phoenix Theatre Ensemble,$4920.00
FY11-RN-006282,Photo-Based Art,$13990.00
FY11-RN-006178,"Pick Up Performance Company, Inc.",$13990.00
FY11-MY-005135,Pierpont Morgan Library,$60625.00
FY11-RN-006099,"Play Production Company, Inc.",$13990.00
FY11-RN-006262,"Playwrights Horizons, Inc.",$93265.00
FY11-MY-005579,Playwrights' Preview Productions,$13990.00
FY11-RN-006058,"Poetry Project, Ltd.",$26585.00
FY11-RN-005938,Poetry Society of America,$23320.00
FY11-RN-006071,"Poets & Writers, Inc.",$23320.00
FY11-MY-005202,"Poets House, Inc.",$46635.00
FY11-RN-006188,Point Community Development Corp.,$90895.00
FY11-RN-006190,"Police Athletic League, Inc.",$32645.00
FY11-AN-005229,Polyhymnia Music Foundation Inc.,$4920.00
FY11-RN-006227,"Pregones Touring Puerto Rican Theatre Collection, Inc.",$92275.00
FY11-MY-005411,Present Theatre Company,$46635.00
FY11-MY-005077,"Primary Stages Company, Inc.",$24890.00
FY11-RN-006260,"Printed Matter, Inc.",$13990.00
FY11-RN-006289,"Prospect Park Alliance, Inc.",$23320.00
FY11-AN-005604,"Providence Productions International, Inc.",$4920.00
FY11-RN-006085,"Public Art Fund, Inc.",$46635.00
FY11-MY-005163,"Publicolor, Inc.",$23320.00
FY11-MY-005574,Puerto Rican Traveling Theatre Company Inc.,$32645.00
FY11-AN-005179,"Puerto Rican Workshop, Inc.",$9330.00
FY11-AN-005715,"Pulse Ensemble Theatre, Inc.",$3000.00
FY11-AN-005481,"Puppet Works, Inc.",$4920.00
FY11-AN-005076,"Puppetry Arts Theatre, Inc.",$4920.00
FY11-AN-005587,Qi Shu Fang Peking Opera Association,$6995.00
FY11-AN-005857,QMAD Queens Media Arts Development,$6995.00
FY11-AN-005793,"Queen's Theatre Company, Inc.",$4920.00
FY11-RN-006001,Queens Council on the Arts,$346145.00
FY11-AN-005335,Queens Historical Society,$31770.00
FY11-RN-006270,Queens Symphony Orchestra,$215815.00
FY11-AN-005751,"Quintet of the Americas, Inc.",$18655.00
FY11-AN-005733,"Racing Thoughts, Inc.",$4920.00
FY11-AN-005447,"RadioHole, Inc.",$6995.00
FY11-AN-005870,"Rattapallax, Incorporated",$3500.00
FY11-MY-005275,"Rattlestick Productions, Inc.",$13990.00
FY11-AN-005484,"Rector, Church Wardens, Vestrymembers of the Church of St. Luke in  the Field",$4920.00
FY11-MY-005052,RED BULL THEATER INC.,$13990.00
FY11-AN-005700,"Red Fern Theatre Company, Inc",$4920.00
FY11-AN-005641,Redhawk Indian Arts Council,$13990.00
FY11-RN-006294,"Reel Stories Teen Filmmaking, Inc.",$32645.00
FY11-AN-005291,"Regina Opera Company, Inc.",$18655.00
FY11-RN-006195,Rhizome,$13990.00
FY11-AN-005109,Richmond Choral Society,$6995.00
FY11-AN-005206,Richmond County Orchestra,$12250.00
FY11-MY-005612,"Ringside, Inc.",$13990.00
FY11-AN-005395,"Rio Grande Union, Inc.",$6995.00
FY11-AN-005274,"Ripe Time, Inc.",$4920.00
FY11-AN-005596,"Rising Circle Theater Collective, Inc.",$6995.00
FY11-MY-005084,"Riverdale Community Center, Inc.",$13990.00
FY11-AN-005132,"Riverside Opera Company, Inc.",$4920.00
FY11-RN-006145,"Riverside Symphony, Inc.",$45440.00
FY11-AN-005682,Riverside Theatre Inc.,$5500.00
FY11-RN-006155,"Rockaway Artists Alliance, Inc.",$13990.00
FY11-AN-005532,Rockaway Theatre Company,$23470.00
FY11-RN-006127,"Rocking the Boat, Inc.",$13990.00
FY11-AN-005053,"Rod Rodgers Dance Company, Inc.",$4920.00
FY11-RN-006177,Romare Bearden Foundation,$13990.00
FY11-MY-005326,Rooftop Films,$53325.00
FY11-RN-006092,Rosie's Theater Kids,$38330.00
FY11-RN-006041,"Roulette Intermedium, Inc.",$74610.00
FY11-RN-006027,"Roundabout Theatre Company, Inc.",$121320.00
FY11-MY-005246,Rubin Museum of Art,$55165.00
FY11-AN-005429,"Russian Musical Arts Society of America, Inc.",$4920.00
FY11-AN-005258,"Ryan Repertory Company, Inc.",$13990.00
FY11-AN-005722,"S.E.M. Ensemble, Inc.",$9330.00
FY11-AN-005424,"Sachiyo Ito and Company, Inc.",$4920.00
FY11-AN-005769,Saint Alban's Episcopal Church,$4920.00
FY11-RN-006112,Salvadori Center,$23320.00
FY11-AN-005059,Sandy Ground Historical Society,$33745.00
FY11-RN-006207,"Saratoga International Theater Institute, Inc.",$13990.00
FY11-RN-006248,"School of American Ballet, Inc.",$46635.00
FY11-MY-005180,Science Festival Foundation,$23320.00
FY11-RN-006198,"Sculpture Center, Inc.",$32645.00
FY11-AN-005637,"Second Generation Productions, Inc.",$11660.00
FY11-RN-005984,Second Stage Theatre,$51375.00
FY11-RN-006128,Seedco Financial Services,$13990.00
FY11-MY-005679,"SENS Production, Inc.",$13990.00
FY11-RN-006100,September 11th Widows and Victim Families Association,$23320.00
FY11-RN-006273,"Sesame Flyers International, Inc.",$13990.00
FY11-MY-005558,"Seventh Regiment Armory Conservancy, Inc",$46635.00
FY11-RN-005972,"Shadow Box Theatre, Inc.",$16835.00
FY11-MY-005385,Shakespeare Society,$23320.00
FY11-MY-005406,"Shen Wei Dance Arts, Inc.",$13990.00
FY11-MY-005400,"Signature Theatre Company, Inc.",$98005.00
FY11-RN-005949,Skyscraper Museum,$13990.00
FY11-RN-006075,"Smack Mellon Studios, Inc.",$23320.00
FY11-RN-006020,Smithsonian National Museum of the American Indian,$13990.00
FY11-AN-005427,So Percussion,$4920.00
FY11-RN-006069,Society for the Preservation of Weeksville & Bed-Stuyvesant History,$209845.00
FY11-RN-006074,"Society of Illustrators, Inc.",$13990.00
FY11-RN-006196,"Society of the Educational Arts, Inc.",$102245.00
FY11-RN-006169,"Society of Third Street Music School Settlement, Inc.",$93265.00
FY11-RN-006172,"Socrates Sculpture Park, Inc.",$60625.00
FY11-RN-006232,"Soho Repertory Theatre, Inc.",$13990.00
FY11-AN-005692,Soho Think Tank,$11660.00
FY11-AN-005704,"Sol Zim Jewish Enrichment Music Foundation, Inc.",$5000.00
FY11-RN-006011,Solomon R. Guggenheim Foundation,$163210.00
FY11-MY-005713,"Sons of the Revolution in the State of New York, Inc",$13990.00
FY11-AN-005784,South of the Navy Yard Artists,$7510.00
FY11-RN-006217,South Street Seaport Museum,$116580.00
FY11-RN-006125,"Spanish Dance Arts Company, Inc.",$26160.00
FY11-RN-006081,"Spanish Theatre Repertory Company, Ltd.",$134590.00
FY11-AN-005174,"Spiderwoman Theater Workshop, Inc.",$4920.00
FY11-AN-005339,"Spoke the Hub Dancing, Inc.",$4920.00
FY11-MY-005162,"St. Ann's Warehouse, Inc.",$187285.00
FY11-RN-006181,"St. George Theatre Restoration, Inc.",$13990.00
FY11-RN-005946,"St. Luke's Chamber Ensemble, Inc.",$60625.00
FY11-RN-006281,"St. Raymond Community Outreach, Inc.",$13990.00
FY11-MY-005343,"St. Rosalia-Regina Pacis Neighborhood Improvement Assoc., Inc.",$13990.00
FY11-AN-005244,Stage Directors and Choreographers Workshop Foundation,$9330.00
FY11-MY-005608,"Stages of Learning, Inc.",$14760.00
FY11-AN-005193,"Standby Program, Inc.",$16325.00
FY11-RN-006203,"Staten Island Ballet Theater, Inc.",$13990.00
FY11-AN-005538,"Staten Island Philharmonic Orchestra, Inc.",$19680.00
FY11-MY-005613,Stella Adler Studio of Acting,$3000.00
FY11-RN-006030,"Stephen Petronio Dance Company, Inc.",$13990.00
FY11-AN-005525,"Stolen Chair Theatre Company, Inc",$4920.00
FY11-RN-006201,Storefront for Art and Architecture,$13990.00
FY11-RN-006116,StoryCorps,$35640.00
FY11-RN-006054,Storyville Center for the Spoken Word,$23320.00
FY11-MY-005347,"Striking Viking Story Pirates, Inc.",$3000.00
FY11-RN-006269,"Studio in a School Association, Inc.",$74610.00
FY11-AN-005552,Sundog Theatre,$20625.00
FY11-AN-005061,"Sunset Park School of Music, Inc.",$4920.00
FY11-AN-005056,"Sweet Jane Productions, Inc.",$4920.00
FY11-RN-006149,Swiss Institute,$13990.00
FY11-AN-005661,"Sylvan Winds, Inc.",$4920.00
FY11-RN-005974,"Symphony Space, Inc.",$77455.00
FY11-AN-005749,"SYREN Modern Dance, Inc.",$4920.00
FY11-RN-006244,"TADA! Theater and Dance Alliance, Inc.",$23320.00
FY11-AN-005904,"Take Wing and Soar Productions, Inc.",$13160.00
FY11-AN-005263,Talea Ensemble Inc,$6995.00
FY11-AN-005491,"Talking Band, Inc.",$6995.00
FY11-MY-005226,Tank Ltd.,$11660.00
FY11-RN-006051,"Target Margin Theater, Inc.",$32645.00
FY11-RN-006159,"Teachers & Writers Collaborative, Inc.",$32645.00
FY11-MY-005317,"Teatro Circulo, Ltd.",$13990.00
FY11-AN-005873,"Terra Nova Theatre Collective, Inc.",$6995.00
FY11-RN-005990,"Thalia Spanish Theatre, Inc.",$139730.00
FY11-RN-006106,Theater Breaking Through Barriers Corp.,$18730.00
FY11-AN-005685,Theater et al,$61000.00
FY11-RN-005988,"Theater for the New City Foundation, Inc.",$46635.00
FY11-RN-005992,"Theater Labrador, Inc.",$28055.00
FY11-AN-005908,Theater Resources Unlimited,$4920.00
FY11-AN-005578,"Theater Talk Productions, Inc.",$4920.00
FY11-AN-005346,Theatre Askew,$4920.00
FY11-RN-006174,"Theatre Communications Group, Inc.",$13990.00
FY11-RN-006005,"Theatre Development Fund, Inc.",$117385.00
FY11-RN-005942,Theatre for a New Audience,$32645.00
FY11-AN-005090,Theatre Lab Inc.,$4920.00
FY11-AN-005117,"Theatre Rehabilitation for Youth, Inc.",$9880.00
FY11-RN-006154,Theatreworks/USA Corp.,$35490.00
FY11-AN-005588,Thelma Hill Performing Arts Center,$14070.00
FY11-RN-005981,"Thin Man Dance, Inc.",$13990.00
FY11-RN-006202,"Threshold Dance Projects, Inc.",$13990.00
FY11-AN-005168,Tickle the Sleeping Giant,$6995.00
FY11-AN-005610,Times Square District Management Association,$6995.00
FY11-AN-005129,"Together in Dance, Inc.",$4920.00
FY11-AN-005362,"TonalMotion, Inc.",$6995.00
FY11-AN-005892,Tong Xiao Ling Chinese Opera Ensemble,$4920.00
FY11-AN-005575,"Topaz Arts, Inc.",$32645.00
FY11-MY-005116,"Town Hall Foundation, Inc.",$32645.00
FY11-MY-005108,Transport Group,$13990.00
FY11-AN-005553,"Treehouse Shakers, Inc.",$4920.00
FY11-MY-005073,"Tribeca Film Institute, Inc.",$21100.00
FY11-AN-005615,Trilok Fusion Arts,$3000.00
FY11-AN-005158,"Triple Candie, Inc.",$3750.00
FY11-RN-005983,"Trisha Brown Company, Inc.",$46635.00
FY11-AN-005044,Triskelion Arts - Kick/StanDance Inc.,$6995.00
FY11-MY-005522,Trustees of Columbia University in the City of New York,$13990.00
FY11-RN-006197,Turtle Bay Music School,$32645.00
FY11-RN-006274,"UBW, Inc.",$13990.00
FY11-AN-005767,Ugly Duckling Presse,$4920.00
FY11-RN-006186,Ukrainian Museum,$13990.00
FY11-AN-005069,Underworld Productions Opera Ensemble,$4920.00
FY11-AN-005149,UNIONDOCS INC,$4920.00
FY11-AN-005804,"Universal Theater Alliance, Inc.",$4920.00
FY11-AN-005659,University Settlement Society of New York,$6995.00
FY11-MY-005618,"Uptown Dance Academy, Inc.",$24645.00
FY11-RN-006223,Urban Arts Partnership,$13990.00
FY11-AN-005782,"Urban Divers Marine Conservation & Scientific Diving, Inc.",$7985.00
FY11-RN-006097,Urban Word NYC,$23320.00
FY11-RN-006151,"UrbanGlass: New York Contemporary Glass Center, Inc.",$23320.00
FY11-AN-005272,"Vampire Cowboys, Inc.",$6995.00
FY11-RN-005936,Van Alen Institute: Projects in Public Architecture,$13990.00
FY11-AN-005063,"viBe Theater Experience, Inc.",$11660.00
FY11-AN-005363,"Village Halloween Parade, Inc.",$9330.00
FY11-MY-005488,"Vineyard Theatre and Workshop Center, Inc.",$23320.00
FY11-MY-005091,"Visual AIDS for the Arts, Inc.",$13990.00
FY11-RN-006166,Visual Arts Resource Center Relating to the Caribbean,$139895.00
FY11-MY-005456,"Vital Theatre Company, Inc.",$3000.00
FY11-AN-005836,"Viva Voce Chamber Ensemble, Inc.",$4920.00
FY11-RN-006040,"Vivian Beaumont Theater, Inc.",$96110.00
FY11-AN-005098,"Vocal Ease, Inc.",$4900.00
FY11-AN-005638,"Voice and Vision, Inc.",$4920.00
FY11-AN-005689,"Voices UnBroken, Inc.",$37460.00
FY11-AN-005686,"Volcano Love, Inc.",$9330.00
FY11-RN-006024,"Volunteer Lawyers for the Arts, Inc.",$32645.00
FY11-AN-005239,Washington Heights and Inwood Development,$4920.00
FY11-AN-005485,Washington Square Association Music Fund,$9405.00
FY11-AN-005361,Waterfront Museum,$9330.00
FY11-AN-005548,"Waterwell Productions, Inc.",$6995.00
FY11-AN-005812,WaxFactory Inc.,$4920.00
FY11-AN-005706,"WCV, Inc.",$9330.00
FY11-RN-006266,"West Indian American Day Carnival Association, Inc.",$13990.00
FY11-MY-005808,"Western Wind Vocal Ensemble, Inc.",$13990.00
FY11-RN-006286,"White Box, Ltd.",$13990.00
FY11-RN-005951,"White Columns, Inc.",$23320.00
FY11-RN-006039,White Wave Rising: Young Soon Kim Dance Company,$32645.00
FY11-RN-006208,Whitney Museum of American Art,$80775.00
FY11-AN-005338,"Williamsburg Art Nexus, Inc.",$4920.00
FY11-AN-005436,Willie Mae Rock Camp for Girls,$13990.00
FY11-RN-006000,"Wingspan Arts, Inc.",$13990.00
FY11-RN-006237,"Women Make Movies, Inc.",$28055.00
FY11-RN-005964,"Women's Project and Productions, Inc.",$49475.00
FY11-RN-005973,"Wooster Group, Inc.",$32645.00
FY11-RN-006210,"Working Theatre Company, Inc.",$23320.00
FY11-AN-005624,"Workmens Circle/Arbeter Ring, Inc.",$4920.00
FY11-RN-006055,"Works and Process, Inc.",$23320.00
FY11-AN-005527,World Foundation for Music and Healing,$4920.00
FY11-RN-006110,"World Music Institute, Inc.",$46635.00
FY11-MY-005200,"Writers Room, Inc.",$32645.00
FY11-AN-005100,"Wyckoff House and Association, Inc.",$36230.00
FY11-AN-005081,"Yangtze Repertory Theatre of America, Inc.",$9330.00
FY11-AN-005146,Yara Arts Group,$6995.00
FY11-RN-006004,Yeshiva University Museum,$32645.00
FY11-MY-005404,"York Theatre Company, Inc.",$13990.00
FY11-RN-005947,"Young Audiences New York, Inc.",$85510.00
FY11-RN-005967,"Young Concert Artists, Inc.",$32645.00
FY11-RN-006213,"Young Dancers in Repertory, Inc.",$51905.00
FY11-RN-005957,Young Men's & Young Women's Hebrew Association,$139895.00
FY11-RN-006259,Young People's Chorus of New York City Inc.,$93265.00
FY11-MY-005619,"Young Playwrights, Inc.",$13990.00
FY11-AN-005288,"Youth Orchestra, CYCNY",$9330.00
FY11-AN-005717,"Zeus's Thigh, Ltd.",$4920.00
